IP地址,端口,TLS,数据中心,地区,国际代码,国家,城市,网络延迟,下载速度MB/s
13.250.14.76,443,true,SIN,亚太,SG,新加坡,新加坡,83 ms,17.97
66.179.48.121,443,true,SJC,北美洲,US,美国,圣何塞,151 ms,17.83
66.179.48.199,443,true,SJC,北美洲,US,美国,圣何塞,143 ms,17.72
5.10.245.142,443,true,SJC,北美洲,US,美国,圣何塞,167 ms,17.70
5.10.244.199,443,true,SJC,北美洲,US,美国,圣何塞,172 ms,17.66
5.10.246.212,443,true,SJC,北美洲,US,美国,圣何塞,136 ms,17.51
45.202.113.252,443,true,SJC,北美洲,US,美国,圣何塞,136 ms,17.49
45.202.113.250,443,true,SJC,北美洲,US,美国,圣何塞,130 ms,17.35
5.10.244.173,443,true,SJC,北美洲,US,美国,圣何塞,135 ms,17.34
45.202.113.101,443,true,SJC,北美洲,US,美国,圣何塞,153 ms,17.33
108.162.194.130,443,true,SJC,北美洲,US,美国,圣何塞,151 ms,17.25
5.10.244.38,443,true,SJC,北美洲,US,美国,圣何塞,148 ms,17.25
45.202.113.58,443,true,SJC,北美洲,US,美国,圣何塞,149 ms,17.24
45.202.113.38,443,true,SJC,北美洲,US,美国,圣何塞,133 ms,17.13
45.202.113.255,443,true,SJC,北美洲,US,美国,圣何塞,144 ms,17.13
45.202.113.149,443,true,SJC,北美洲,US,美国,圣何塞,152 ms,17.12
5.10.245.162,443,true,SJC,北美洲,US,美国,圣何塞,165 ms,17.09
108.162.194.178,443,true,SJC,北美洲,US,美国,圣何塞,160 ms,17.07
66.179.48.170,443,true,SJC,北美洲,US,美国,圣何塞,151 ms,16.87
5.10.244.106,443,true,SJC,北美洲,US,美国,圣何塞,132 ms,16.86
5.10.246.150,443,true,SJC,北美洲,US,美国,圣何塞,166 ms,16.77
45.202.113.242,443,true,SJC,北美洲,US,美国,圣何塞,149 ms,16.70
18.183.158.211,443,true,NRT,亚太,JP,日本,东京,73 ms,16.70
66.179.48.237,443,true,SJC,北美洲,US,美国,圣何塞,131 ms,16.68
54.151.201.171,443,true,SIN,亚太,SG,新加坡,新加坡,86 ms,16.60
5.10.247.10,443,true,SJC,北美洲,US,美国,圣何塞,133 ms,16.53
5.10.246.178,443,true,SJC,北美洲,US,美国,圣何塞,152 ms,16.47
5.10.247.158,443,true,SJC,北美洲,US,美国,圣何塞,197 ms,16.38
5.10.247.142,443,true,SJC,北美洲,US,美国,圣何塞,153 ms,16.32
5.10.246.101,443,true,SJC,北美洲,US,美国,圣何塞,152 ms,16.27
5.10.244.1,443,true,SJC,北美洲,US,美国,圣何塞,149 ms,16.26
45.202.113.188,443,true,SJC,北美洲,US,美国,圣何塞,165 ms,16.24
5.10.245.193,443,true,SJC,北美洲,US,美国,圣何塞,155 ms,16.06
66.179.48.173,443,true,SJC,北美洲,US,美国,圣何塞,148 ms,16.03
5.10.246.200,443,true,SJC,北美洲,US,美国,圣何塞,137 ms,15.98
5.10.246.108,443,true,SJC,北美洲,US,美国,圣何塞,141 ms,15.95
66.179.48.159,443,true,SJC,北美洲,US,美国,圣何塞,158 ms,15.89
5.10.245.60,443,true,SJC,北美洲,US,美国,圣何塞,162 ms,15.86
45.202.113.182,443,true,SJC,北美洲,US,美国,圣何塞,153 ms,15.73
5.10.245.131,443,true,SJC,北美洲,US,美国,圣何塞,153 ms,15.69
45.202.113.26,443,true,SJC,北美洲,US,美国,圣何塞,156 ms,15.69
5.10.245.187,443,true,SJC,北美洲,US,美国,圣何塞,148 ms,15.61
45.202.113.62,443,true,SJC,北美洲,US,美国,圣何塞,155 ms,15.56
5.10.245.147,443,true,SJC,北美洲,US,美国,圣何塞,146 ms,15.54
5.10.247.59,443,true,SJC,北美洲,US,美国,圣何塞,158 ms,15.53
5.10.244.216,443,true,SJC,北美洲,US,美国,圣何塞,149 ms,15.51
108.162.194.97,443,true,SJC,北美洲,US,美国,圣何塞,188 ms,15.50
5.10.246.88,443,true,SJC,北美洲,US,美国,圣何塞,168 ms,15.50
5.10.245.241,443,true,SJC,北美洲,US,美国,圣何塞,136 ms,15.49
13.230.34.30,443,true,NRT,亚太,JP,日本,东京,70 ms,15.48
45.202.113.216,443,true,SJC,北美洲,US,美国,圣何塞,151 ms,15.47
5.10.246.46,443,true,SJC,北美洲,US,美国,圣何塞,153 ms,15.45
54.199.222.232,443,true,NRT,亚太,JP,日本,东京,74 ms,15.44
5.10.245.218,443,true,SJC,北美洲,US,美国,圣何塞,152 ms,15.40
108.162.194.40,443,true,SJC,北美洲,US,美国,圣何塞,166 ms,15.37
5.10.247.232,443,true,SJC,北美洲,US,美国,圣何塞,157 ms,15.35
5.10.246.113,443,true,SJC,北美洲,US,美国,圣何塞,166 ms,15.32
5.10.246.163,443,true,SJC,北美洲,US,美国,圣何塞,163 ms,15.31
5.10.247.231,443,true,SJC,北美洲,US,美国,圣何塞,146 ms,15.28
5.10.245.13,443,true,SJC,北美洲,US,美国,圣何塞,200 ms,15.23
5.10.244.223,443,true,SJC,北美洲,US,美国,圣何塞,135 ms,15.22
5.10.244.245,443,true,SJC,北美洲,US,美国,圣何塞,179 ms,15.15
5.10.246.165,443,true,SJC,北美洲,US,美国,圣何塞,146 ms,15.10
5.10.247.35,443,true,SJC,北美洲,US,美国,圣何塞,136 ms,15.07
5.10.246.5,443,true,SJC,北美洲,US,美国,圣何塞,152 ms,15.06
5.10.246.229,443,true,SJC,北美洲,US,美国,圣何塞,135 ms,15.06
108.162.194.153,443,true,SJC,北美洲,US,美国,圣何塞,160 ms,15.05
66.179.48.57,443,true,SJC,北美洲,US,美国,圣何塞,145 ms,15.02
45.202.113.146,443,true,SJC,北美洲,US,美国,圣何塞,134 ms,15.01
5.10.246.76,443,true,SJC,北美洲,US,美国,圣何塞,158 ms,15.01
108.162.194.156,443,true,SJC,北美洲,US,美国,圣何塞,154 ms,14.92
5.10.245.118,443,true,SJC,北美洲,US,美国,圣何塞,163 ms,14.91
5.10.247.42,443,true,SJC,北美洲,US,美国,圣何塞,132 ms,14.90
5.10.247.58,443,true,SJC,北美洲,US,美国,圣何塞,153 ms,14.83
5.10.246.160,443,true,SJC,北美洲,US,美国,圣何塞,190 ms,14.77
45.202.113.232,443,true,SJC,北美洲,US,美国,圣何塞,156 ms,14.76
5.10.246.216,443,true,SJC,北美洲,US,美国,圣何塞,134 ms,14.74
5.10.247.111,443,true,SJC,北美洲,US,美国,圣何塞,159 ms,14.74
5.10.244.126,443,true,SJC,北美洲,US,美国,圣何塞,148 ms,14.73
45.202.113.238,443,true,SJC,北美洲,US,美国,圣何塞,142 ms,14.72
108.162.194.93,443,true,SJC,北美洲,US,美国,圣何塞,156 ms,14.68
5.10.246.19,443,true,SJC,北美洲,US,美国,圣何塞,154 ms,14.65
5.10.244.25,443,true,SJC,北美洲,US,美国,圣何塞,153 ms,14.59
5.10.247.30,443,true,SJC,北美洲,US,美国,圣何塞,150 ms,14.55
45.202.113.54,443,true,SJC,北美洲,US,美国,圣何塞,132 ms,14.52
45.202.113.45,443,true,SJC,北美洲,US,美国,圣何塞,157 ms,14.52
5.10.246.51,443,true,SJC,北美洲,US,美国,圣何塞,178 ms,14.43
5.10.245.93,443,true,SJC,北美洲,US,美国,圣何塞,137 ms,14.39
5.10.245.191,443,true,SJC,北美洲,US,美国,圣何塞,143 ms,14.38
5.10.247.66,443,true,SJC,北美洲,US,美国,圣何塞,151 ms,14.28
5.10.246.136,443,true,SJC,北美洲,US,美国,圣何塞,137 ms,14.24
5.10.247.194,443,true,SJC,北美洲,US,美国,圣何塞,178 ms,14.21
5.10.246.12,443,true,SJC,北美洲,US,美国,圣何塞,134 ms,14.21
5.10.244.160,443,true,SJC,北美洲,US,美国,圣何塞,145 ms,14.15
5.10.246.247,443,true,SJC,北美洲,US,美国,圣何塞,150 ms,14.14
5.10.246.145,443,true,SJC,北美洲,US,美国,圣何塞,169 ms,14.11
5.10.246.0,443,true,SJC,北美洲,US,美国,圣何塞,154 ms,14.11
5.10.247.91,443,true,SJC,北美洲,US,美国,圣何塞,144 ms,14.08
66.179.48.10,443,true,SJC,北美洲,US,美国,圣何塞,142 ms,14.07
5.10.246.176,443,true,SJC,北美洲,US,美国,圣何塞,134 ms,14.05
5.10.247.131,443,true,SJC,北美洲,US,美国,圣何塞,147 ms,14.01
5.10.246.226,443,true,SJC,北美洲,US,美国,圣何塞,180 ms,14.00
108.162.194.51,443,true,SJC,北美洲,US,美国,圣何塞,164 ms,13.99
108.162.194.12,443,true,SJC,北美洲,US,美国,圣何塞,162 ms,13.99
66.179.48.117,443,true,SJC,北美洲,US,美国,圣何塞,155 ms,13.99
5.10.245.45,443,true,SJC,北美洲,US,美国,圣何塞,161 ms,13.96
66.179.48.225,443,true,SJC,北美洲,US,美国,圣何塞,132 ms,13.92
66.179.48.253,443,true,SJC,北美洲,US,美国,圣何塞,151 ms,13.87
5.10.246.102,443,true,SJC,北美洲,US,美国,圣何塞,154 ms,13.85
5.10.246.228,443,true,SJC,北美洲,US,美国,圣何塞,162 ms,13.82
66.179.48.125,443,true,SJC,北美洲,US,美国,圣何塞,157 ms,13.75
5.10.246.18,443,true,SJC,北美洲,US,美国,圣何塞,156 ms,13.75
5.10.244.116,443,true,SJC,北美洲,US,美国,圣何塞,133 ms,13.72
5.10.244.141,443,true,SJC,北美洲,US,美国,圣何塞,138 ms,13.71
45.202.113.14,443,true,SJC,北美洲,US,美国,圣何塞,133 ms,13.68
66.179.48.56,443,true,SJC,北美洲,US,美国,圣何塞,134 ms,13.67
5.10.247.170,443,true,SJC,北美洲,US,美国,圣何塞,154 ms,13.64
5.10.244.155,443,true,SJC,北美洲,US,美国,圣何塞,155 ms,13.63
5.10.246.129,443,true,SJC,北美洲,US,美国,圣何塞,185 ms,13.62
5.10.245.121,443,true,SJC,北美洲,US,美国,圣何塞,158 ms,13.58
108.162.194.66,443,true,SJC,北美洲,US,美国,圣何塞,150 ms,13.57
5.10.245.126,443,true,SJC,北美洲,US,美国,圣何塞,154 ms,13.56
158.179.171.53,443,true,ICN,亚太,KR,韩国,首尔,148 ms,13.51
5.10.245.198,443,true,SJC,北美洲,US,美国,圣何塞,142 ms,13.48
66.179.48.172,443,true,SJC,北美洲,US,美国,圣何塞,155 ms,13.48
108.162.194.182,443,true,SJC,北美洲,US,美国,圣何塞,160 ms,13.44
5.78.55.95,443,true,PDX,北美洲,US,美国,波特兰,162 ms,13.39
5.10.245.186,443,true,SJC,北美洲,US,美国,圣何塞,145 ms,13.37
5.10.244.73,443,true,SJC,北美洲,US,美国,圣何塞,149 ms,13.34
5.10.246.121,443,true,SJC,北美洲,US,美国,圣何塞,129 ms,13.32
5.10.245.208,443,true,SJC,北美洲,US,美国,圣何塞,136 ms,13.31
5.10.244.68,443,true,SJC,北美洲,US,美国,圣何塞,146 ms,13.31
66.179.48.144,443,true,SJC,北美洲,US,美国,圣何塞,163 ms,13.31
52.141.25.42,443,true,ICN,亚太,KR,韩国,首尔,116 ms,13.30
5.10.246.37,443,true,SJC,北美洲,US,美国,圣何塞,130 ms,13.28
5.10.246.156,443,true,SJC,北美洲,US,美国,圣何塞,134 ms,13.28
5.10.244.228,443,true,SJC,北美洲,US,美国,圣何塞,181 ms,13.27
5.10.245.54,443,true,SJC,北美洲,US,美国,圣何塞,148 ms,13.24
108.162.194.60,443,true,SJC,北美洲,US,美国,圣何塞,170 ms,13.20
5.10.247.251,443,true,SJC,北美洲,US,美国,圣何塞,153 ms,13.18
108.162.194.171,443,true,SJC,北美洲,US,美国,圣何塞,131 ms,13.17
66.179.48.123,443,true,SJC,北美洲,US,美国,圣何塞,132 ms,13.15
5.10.245.217,443,true,SJC,北美洲,US,美国,圣何塞,141 ms,13.08
45.202.113.8,443,true,SJC,北美洲,US,美国,圣何塞,131 ms,13.07
108.162.194.102,443,true,SJC,北美洲,US,美国,圣何塞,178 ms,13.07
5.10.245.58,443,true,SJC,北美洲,US,美国,圣何塞,163 ms,13.02
5.10.247.134,443,true,SJC,北美洲,US,美国,圣何塞,158 ms,12.99
66.179.48.16,443,true,SJC,北美洲,US,美国,圣何塞,154 ms,12.99
5.10.247.190,443,true,SJC,北美洲,US,美国,圣何塞,216 ms,12.99
5.10.247.185,443,true,SJC,北美洲,US,美国,圣何塞,134 ms,12.98
5.10.246.41,443,true,SJC,北美洲,US,美国,圣何塞,135 ms,12.98
5.10.247.150,443,true,SJC,北美洲,US,美国,圣何塞,146 ms,12.93
5.10.244.192,443,true,SJC,北美洲,US,美国,圣何塞,168 ms,12.93
5.10.244.39,443,true,SJC,北美洲,US,美国,圣何塞,162 ms,12.92
213.183.48.227,443,true,WAW,欧洲,PL,波兰,华沙,127 ms,12.92
5.10.247.215,443,true,SJC,北美洲,US,美国,圣何塞,136 ms,12.91
66.179.48.250,443,true,SJC,北美洲,US,美国,圣何塞,144 ms,12.89
66.179.48.20,443,true,SJC,北美洲,US,美国,圣何塞,163 ms,12.86
5.10.246.49,443,true,SJC,北美洲,US,美国,圣何塞,150 ms,12.78
5.10.244.5,443,true,SJC,北美洲,US,美国,圣何塞,154 ms,12.75
5.10.245.136,443,true,SJC,北美洲,US,美国,圣何塞,163 ms,12.74
45.202.113.134,443,true,SJC,北美洲,US,美国,圣何塞,134 ms,12.69
5.10.245.130,443,true,SJC,北美洲,US,美国,圣何塞,156 ms,12.68
45.202.113.247,443,true,SJC,北美洲,US,美国,圣何塞,151 ms,12.68
5.10.247.212,443,true,SJC,北美洲,US,美国,圣何塞,139 ms,12.64
45.202.113.27,443,true,SJC,北美洲,US,美国,圣何塞,164 ms,12.61
45.202.113.93,443,true,SJC,北美洲,US,美国,圣何塞,151 ms,12.58
5.10.247.16,443,true,SJC,北美洲,US,美国,圣何塞,131 ms,12.55
45.202.113.88,443,true,SJC,北美洲,US,美国,圣何塞,148 ms,12.54
5.10.246.142,443,true,SJC,北美洲,US,美国,圣何塞,159 ms,12.54
5.10.244.100,443,true,SJC,北美洲,US,美国,圣何塞,155 ms,12.50
5.10.244.17,443,true,SJC,北美洲,US,美国,圣何塞,143 ms,12.50
45.202.113.165,443,true,SJC,北美洲,US,美国,圣何塞,142 ms,12.47
5.10.247.229,443,true,SJC,北美洲,US,美国,圣何塞,136 ms,12.46
52.76.137.189,443,true,SIN,亚太,SG,新加坡,新加坡,72 ms,12.45
66.179.48.53,443,true,SJC,北美洲,US,美国,圣何塞,133 ms,12.45
108.162.194.134,443,true,SJC,北美洲,US,美国,圣何塞,172 ms,12.43
5.10.247.90,443,true,SJC,北美洲,US,美国,圣何塞,154 ms,12.43
108.162.194.124,443,true,SJC,北美洲,US,美国,圣何塞,179 ms,12.37
4.230.8.95,443,true,ICN,亚太,KR,韩国,首尔,120 ms,12.33
5.10.245.138,443,true,SJC,北美洲,US,美国,圣何塞,162 ms,12.27
5.10.247.218,443,true,SJC,北美洲,US,美国,圣何塞,195 ms,12.27
5.10.246.184,443,true,SJC,北美洲,US,美国,圣何塞,154 ms,12.26
5.10.246.154,443,true,SJC,北美洲,US,美国,圣何塞,136 ms,12.25
66.179.48.205,443,true,SJC,北美洲,US,美国,圣何塞,140 ms,12.23
5.10.247.109,443,true,SJC,北美洲,US,美国,圣何塞,203 ms,12.16
66.179.48.197,443,true,SJC,北美洲,US,美国,圣何塞,136 ms,12.13
5.10.244.142,443,true,SJC,北美洲,US,美国,圣何塞,143 ms,12.03
5.10.245.75,443,true,SJC,北美洲,US,美国,圣何塞,135 ms,12.02
45.202.113.126,443,true,SJC,北美洲,US,美国,圣何塞,132 ms,12.02
5.10.244.150,443,true,SJC,北美洲,US,美国,圣何塞,131 ms,12.00
108.162.194.14,443,true,SJC,北美洲,US,美国,圣何塞,147 ms,11.97
108.162.194.180,443,true,SJC,北美洲,US,美国,圣何塞,206 ms,11.94
5.10.247.28,443,true,SJC,北美洲,US,美国,圣何塞,154 ms,11.94
45.202.113.131,443,true,SJC,北美洲,US,美国,圣何塞,132 ms,11.93
5.10.247.65,443,true,SJC,北美洲,US,美国,圣何塞,150 ms,11.93
66.179.48.136,443,true,SJC,北美洲,US,美国,圣何塞,171 ms,11.92
108.162.194.21,443,true,SJC,北美洲,US,美国,圣何塞,150 ms,11.85
131.186.33.175,443,true,NRT,亚太,JP,日本,东京,163 ms,11.83
44.31.62.2,443,true,SJC,北美洲,US,美国,圣何塞,151 ms,11.82
5.10.244.149,443,true,SJC,北美洲,US,美国,圣何塞,147 ms,11.77
5.10.245.172,443,true,SJC,北美洲,US,美国,圣何塞,166 ms,11.75
5.10.246.61,443,true,SJC,北美洲,US,美国,圣何塞,155 ms,11.75
5.10.245.160,443,true,SJC,北美洲,US,美国,圣何塞,162 ms,11.70
108.162.194.59,443,true,SJC,北美洲,US,美国,圣何塞,134 ms,11.68
5.10.246.45,443,true,SJC,北美洲,US,美国,圣何塞,151 ms,11.66
5.10.244.185,443,true,SJC,北美洲,US,美国,圣何塞,132 ms,11.66
66.179.48.15,443,true,SJC,北美洲,US,美国,圣何塞,161 ms,11.57
64.181.227.69,443,true,SJC,北美洲,US,美国,圣何塞,160 ms,11.57
45.202.113.200,443,true,SJC,北美洲,US,美国,圣何塞,162 ms,11.54
45.202.113.210,443,true,SJC,北美洲,US,美国,圣何塞,155 ms,11.48
5.10.247.227,443,true,SJC,北美洲,US,美国,圣何塞,135 ms,11.47
5.10.247.57,443,true,SJC,北美洲,US,美国,圣何塞,173 ms,11.46
45.202.113.69,443,true,SJC,北美洲,US,美国,圣何塞,149 ms,11.45
5.10.245.37,443,true,SJC,北美洲,US,美国,圣何塞,173 ms,11.45
5.10.244.131,443,true,SJC,北美洲,US,美国,圣何塞,154 ms,11.44
5.10.244.140,443,true,SJC,北美洲,US,美国,圣何塞,160 ms,11.44
5.10.246.56,443,true,SJC,北美洲,US,美国,圣何塞,168 ms,11.41
5.10.245.25,443,true,SJC,北美洲,US,美国,圣何塞,141 ms,11.39
5.10.245.81,443,true,SJC,北美洲,US,美国,圣何塞,158 ms,11.36
5.10.245.196,443,true,SJC,北美洲,US,美国,圣何塞,134 ms,11.35
5.10.246.31,443,true,SJC,北美洲,US,美国,圣何塞,153 ms,11.35
5.10.244.211,443,true,SJC,北美洲,US,美国,圣何塞,150 ms,11.34
51.81.210.176,443,true,PDX,北美洲,US,美国,波特兰,157 ms,11.31
108.162.194.98,443,true,SJC,北美洲,US,美国,圣何塞,168 ms,11.27
5.10.245.144,443,true,SJC,北美洲,US,美国,圣何塞,141 ms,11.27
5.10.246.239,443,true,SJC,北美洲,US,美国,圣何塞,130 ms,11.26
5.10.244.244,443,true,SJC,北美洲,US,美国,圣何塞,141 ms,11.23
66.179.48.82,443,true,SJC,北美洲,US,美国,圣何塞,165 ms,11.09
5.10.247.221,443,true,SJC,北美洲,US,美国,圣何塞,170 ms,11.07
45.202.113.79,443,true,SJC,北美洲,US,美国,圣何塞,146 ms,11.05
5.10.244.252,443,true,SJC,北美洲,US,美国,圣何塞,141 ms,11.03
45.202.113.48,443,true,SJC,北美洲,US,美国,圣何塞,142 ms,11.02
45.62.113.176,443,true,LAX,北美洲,US,美国,洛杉矶,142 ms,11.02
5.10.244.94,443,true,SJC,北美洲,US,美国,圣何塞,135 ms,11.01
108.162.194.73,443,true,SJC,北美洲,US,美国,圣何塞,147 ms,11.00
5.10.244.202,443,true,SJC,北美洲,US,美国,圣何塞,136 ms,10.98
45.202.113.73,443,true,SJC,北美洲,US,美国,圣何塞,150 ms,10.97
5.10.244.93,443,true,SJC,北美洲,US,美国,圣何塞,156 ms,10.95
45.202.113.44,443,true,SJC,北美洲,US,美国,圣何塞,144 ms,10.93
5.10.247.117,443,true,SJC,北美洲,US,美国,圣何塞,164 ms,10.92
5.10.246.143,443,true,SJC,北美洲,US,美国,圣何塞,135 ms,10.90
5.10.244.62,443,true,SJC,北美洲,US,美国,圣何塞,135 ms,10.89
45.202.113.15,443,true,SJC,北美洲,US,美国,圣何塞,161 ms,10.89
5.10.244.50,443,true,SJC,北美洲,US,美国,圣何塞,166 ms,10.89
108.162.194.184,443,true,SJC,北美洲,US,美国,圣何塞,133 ms,10.89
66.179.48.190,443,true,SJC,北美洲,US,美国,圣何塞,143 ms,10.88
45.202.113.177,443,true,SJC,北美洲,US,美国,圣何塞,136 ms,10.83
5.10.244.65,443,true,SJC,北美洲,US,美国,圣何塞,153 ms,10.81
45.202.113.187,443,true,SJC,北美洲,US,美国,圣何塞,135 ms,10.80
5.10.246.233,443,true,SJC,北美洲,US,美国,圣何塞,155 ms,10.80
5.10.244.51,443,true,SJC,北美洲,US,美国,圣何塞,145 ms,10.79
5.10.247.219,443,true,SJC,北美洲,US,美国,圣何塞,158 ms,10.79
5.10.246.27,443,true,SJC,北美洲,US,美国,圣何塞,163 ms,10.79
108.162.194.55,443,true,SJC,北美洲,US,美国,圣何塞,199 ms,10.79
5.10.244.189,443,true,SJC,北美洲,US,美国,圣何塞,144 ms,10.76
66.179.48.157,443,true,SJC,北美洲,US,美国,圣何塞,157 ms,10.76
103.113.69.99,443,true,VNO,欧洲,LT,立陶宛,维尔纽斯,202 ms,10.72
45.202.113.23,443,true,SJC,北美洲,US,美国,圣何塞,134 ms,10.72
51.81.209.23,443,true,PDX,北美洲,US,美国,波特兰,162 ms,10.72
5.10.245.78,443,true,SJC,北美洲,US,美国,圣何塞,163 ms,10.71
5.10.245.244,443,true,SJC,北美洲,US,美国,圣何塞,132 ms,10.70
45.202.113.34,443,true,SJC,北美洲,US,美国,圣何塞,133 ms,10.63
5.10.246.204,443,true,SJC,北美洲,US,美国,圣何塞,165 ms,10.62
45.202.113.239,443,true,SJC,北美洲,US,美国,圣何塞,137 ms,10.62
5.10.245.225,443,true,SJC,北美洲,US,美国,圣何塞,133 ms,10.61
45.62.118.160,443,true,LAX,北美洲,US,美国,洛杉矶,133 ms,10.58
5.10.246.62,443,true,SJC,北美洲,US,美国,圣何塞,155 ms,10.56
45.202.113.106,443,true,SJC,北美洲,US,美国,圣何塞,148 ms,10.56
45.202.113.39,443,true,SJC,北美洲,US,美国,圣何塞,153 ms,10.54
5.10.244.56,443,true,SJC,北美洲,US,美国,圣何塞,163 ms,10.53
66.179.48.223,443,true,SJC,北美洲,US,美国,圣何塞,134 ms,10.53
45.202.113.180,443,true,SJC,北美洲,US,美国,圣何塞,133 ms,10.49
188.245.103.92,443,true,CDG,欧洲,FR,法国,巴黎,168 ms,10.48
5.10.244.225,443,true,SJC,北美洲,US,美国,圣何塞,162 ms,10.46
5.10.244.96,443,true,SJC,北美洲,US,美国,圣何塞,147 ms,10.43
50.112.166.63,443,true,PDX,北美洲,US,美国,波特兰,175 ms,10.39
5.10.247.108,443,true,SJC,北美洲,US,美国,圣何塞,164 ms,10.32
5.10.247.127,443,true,SJC,北美洲,US,美国,圣何塞,144 ms,10.32
66.179.48.232,443,true,SJC,北美洲,US,美国,圣何塞,147 ms,10.32
5.10.245.11,443,true,SJC,北美洲,US,美国,圣何塞,132 ms,10.31
5.10.244.247,443,true,SJC,北美洲,US,美国,圣何塞,152 ms,10.28
108.162.194.94,443,true,SJC,北美洲,US,美国,圣何塞,149 ms,10.28
5.10.246.90,443,true,SJC,北美洲,US,美国,圣何塞,147 ms,10.25
38.60.91.95,443,true,LAX,北美洲,US,美国,洛杉矶,159 ms,10.24
5.10.244.143,443,true,SJC,北美洲,US,美国,圣何塞,149 ms,10.21
66.179.48.217,443,true,SJC,北美洲,US,美国,圣何塞,167 ms,10.20
5.10.246.234,443,true,SJC,北美洲,US,美国,圣何塞,156 ms,10.19
52.12.162.159,443,true,PDX,北美洲,US,美国,波特兰,164 ms,10.19
108.162.194.42,443,true,SJC,北美洲,US,美国,圣何塞,143 ms,10.18
5.10.247.64,443,true,SJC,北美洲,US,美国,圣何塞,134 ms,10.18
5.10.247.147,443,true,SJC,北美洲,US,美国,圣何塞,145 ms,10.18
178.208.76.84,443,true,AMS,欧洲,NL,荷兰,阿姆斯特丹,192 ms,10.17
23.94.240.147,443,true,SJC,北美洲,US,美国,圣何塞,134 ms,10.15
5.10.247.34,443,true,SJC,北美洲,US,美国,圣何塞,163 ms,10.14
5.10.247.125,443,true,SJC,北美洲,US,美国,圣何塞,152 ms,10.13
128.140.86.164,443,true,FRA,欧洲,DE,德国,法兰克福,181 ms,10.13
5.10.246.79,443,true,SJC,北美洲,US,美国,圣何塞,148 ms,10.13
158.180.82.186,443,true,ICN,亚太,KR,韩国,首尔,155 ms,10.12
5.10.245.207,443,true,SJC,北美洲,US,美国,圣何塞,144 ms,10.07
107.173.86.106,443,true,SJC,北美洲,US,美国,圣何塞,146 ms,10.05
5.10.244.201,443,true,SJC,北美洲,US,美国,圣何塞,132 ms,10.00
66.179.48.140,443,true,SJC,北美洲,US,美国,圣何塞,180 ms,10.00
51.81.209.139,443,true,PDX,北美洲,US,美国,波特兰,173 ms,10.00
45.202.113.214,443,true,SJC,北美洲,US,美国,圣何塞,163 ms,10.00
66.179.48.126,443,true,SJC,北美洲,US,美国,圣何塞,174 ms,9.98
5.10.246.167,443,true,SJC,北美洲,US,美国,圣何塞,154 ms,9.93
5.10.245.68,443,true,SJC,北美洲,US,美国,圣何塞,147 ms,9.90
45.202.113.99,443,true,SJC,北美洲,US,美国,圣何塞,143 ms,9.89
66.179.48.102,443,true,SJC,北美洲,US,美国,圣何塞,152 ms,9.88
5.10.246.131,443,true,SJC,北美洲,US,美国,圣何塞,147 ms,9.86
66.179.48.251,443,true,SJC,北美洲,US,美国,圣何塞,151 ms,9.81
5.10.246.173,443,true,SJC,北美洲,US,美国,圣何塞,159 ms,9.79
194.26.229.7,443,true,CPH,欧洲,DK,丹麦,哥本哈根,200 ms,9.79
195.201.231.143,443,true,CDG,欧洲,FR,法国,巴黎,184 ms,9.71
5.10.244.29,443,true,SJC,北美洲,US,美国,圣何塞,165 ms,9.65
5.10.245.180,443,true,SJC,北美洲,US,美国,圣何塞,204 ms,9.60
108.162.194.129,443,true,SJC,北美洲,US,美国,圣何塞,137 ms,9.60
5.10.244.119,443,true,SJC,北美洲,US,美国,圣何塞,152 ms,9.60
5.10.245.62,443,true,SJC,北美洲,US,美国,圣何塞,154 ms,9.59
195.201.37.216,443,true,FRA,欧洲,DE,德国,法兰克福,191 ms,9.57
45.85.93.49,443,true,LYS,欧洲,FR,法国,里昂,186 ms,9.54
5.10.245.43,443,true,SJC,北美洲,US,美国,圣何塞,165 ms,9.46
5.10.246.38,443,true,SJC,北美洲,US,美国,圣何塞,137 ms,9.41
5.10.246.22,443,true,SJC,北美洲,US,美国,圣何塞,156 ms,9.40
5.10.247.12,443,true,SJC,北美洲,US,美国,圣何塞,190 ms,9.37
5.10.245.113,443,true,SJC,北美洲,US,美国,圣何塞,164 ms,9.37
5.10.245.202,443,true,SJC,北美洲,US,美国,圣何塞,164 ms,9.36
45.85.93.51,443,true,LYS,欧洲,FR,法国,里昂,185 ms,9.35
108.162.194.33,443,true,SJC,北美洲,US,美国,圣何塞,159 ms,9.34
5.10.247.246,443,true,SJC,北美洲,US,美国,圣何塞,131 ms,9.29
108.162.194.103,443,true,SJC,北美洲,US,美国,圣何塞,181 ms,9.27
5.10.244.47,443,true,SJC,北美洲,US,美国,圣何塞,133 ms,9.26
108.162.194.123,443,true,SJC,北美洲,US,美国,圣何塞,197 ms,9.25
44.226.147.29,443,true,PDX,北美洲,US,美国,波特兰,179 ms,9.14
45.202.113.168,443,true,SJC,北美洲,US,美国,圣何塞,138 ms,9.12
103.113.69.46,443,true,VNO,欧洲,LT,立陶宛,维尔纽斯,197 ms,9.11
45.202.113.191,443,true,SJC,北美洲,US,美国,圣何塞,150 ms,9.02
5.10.246.252,443,true,SJC,北美洲,US,美国,圣何塞,164 ms,8.98
66.179.48.6,443,true,SJC,北美洲,US,美国,圣何塞,143 ms,8.94
5.10.246.4,443,true,SJC,北美洲,US,美国,圣何塞,132 ms,8.91
51.81.209.137,443,true,PDX,北美洲,US,美国,波特兰,147 ms,8.85
5.10.247.225,443,true,SJC,北美洲,US,美国,圣何塞,163 ms,8.80
5.10.246.34,443,true,SJC,北美洲,US,美国,圣何塞,132 ms,8.78
5.10.244.198,443,true,SJC,北美洲,US,美国,圣何塞,143 ms,8.77
5.10.246.246,443,true,SJC,北美洲,US,美国,圣何塞,134 ms,8.76
5.10.244.128,443,true,SJC,北美洲,US,美国,圣何塞,155 ms,8.69
66.179.48.113,443,true,SJC,北美洲,US,美国,圣何塞,164 ms,8.56
45.202.113.19,443,true,SJC,北美洲,US,美国,圣何塞,181 ms,8.54
5.10.244.33,443,true,SJC,北美洲,US,美国,圣何塞,157 ms,8.53
5.78.51.6,443,true,PDX,北美洲,US,美国,波特兰,147 ms,8.51
66.179.48.151,443,true,SJC,北美洲,US,美国,圣何塞,153 ms,8.46
5.10.244.53,443,true,SJC,北美洲,US,美国,圣何塞,152 ms,8.43
45.202.113.254,443,true,SJC,北美洲,US,美国,圣何塞,154 ms,8.40
66.179.48.147,443,true,SJC,北美洲,US,美国,圣何塞,134 ms,8.37
138.3.210.24,443,true,NRT,亚太,JP,日本,东京,143 ms,8.33
66.179.48.32,443,true,SJC,北美洲,US,美国,圣何塞,142 ms,8.27
66.179.48.85,443,true,SJC,北美洲,US,美国,圣何塞,197 ms,8.14
193.124.92.170,443,true,FRA,欧洲,DE,德国,法兰克福,162 ms,8.08
178.208.76.68,443,true,AMS,欧洲,NL,荷兰,阿姆斯特丹,177 ms,8.05
5.10.245.237,443,true,SJC,北美洲,US,美国,圣何塞,163 ms,8.00
45.202.113.22,443,true,SJC,北美洲,US,美国,圣何塞,151 ms,7.93
107.174.123.200,443,true,LAX,北美洲,US,美国,洛杉矶,172 ms,7.90
5.10.245.2,443,true,SJC,北美洲,US,美国,圣何塞,147 ms,7.88
3.215.143.191,443,true,IAD,北美洲,US,美国,阿什本,206 ms,7.87
185.103.252.122,443,true,FRA,欧洲,DE,德国,法兰克福,205 ms,7.82
66.179.48.111,443,true,SJC,北美洲,US,美国,圣何塞,168 ms,7.81
66.179.48.25,443,true,SJC,北美洲,US,美国,圣何塞,190 ms,7.80
108.162.194.140,443,true,SJC,北美洲,US,美国,圣何塞,156 ms,7.76
23.227.193.89,443,true,ORD,北美洲,US,美国,芝加哥,195 ms,7.75
38.22.233.232,443,true,LAX,北美洲,US,美国,洛杉矶,175 ms,7.73
5.10.246.119,443,true,SJC,北美洲,US,美国,圣何塞,132 ms,7.71
5.10.247.139,443,true,SJC,北美洲,US,美国,圣何塞,150 ms,7.71
5.10.245.111,443,true,SJC,北美洲,US,美国,圣何塞,154 ms,7.71
5.10.244.239,443,true,SJC,北美洲,US,美国,圣何塞,154 ms,7.71
5.10.246.120,443,true,SJC,北美洲,US,美国,圣何塞,160 ms,7.71
5.10.245.133,443,true,SJC,北美洲,US,美国,圣何塞,146 ms,7.71
5.10.246.217,443,true,SJC,北美洲,US,美国,圣何塞,152 ms,7.70
66.179.48.71,443,true,SJC,北美洲,US,美国,圣何塞,157 ms,7.63
66.179.48.14,443,true,SJC,北美洲,US,美国,圣何塞,204 ms,7.60
45.202.113.67,443,true,SJC,北美洲,US,美国,圣何塞,163 ms,7.57
108.162.194.131,443,true,SJC,北美洲,US,美国,圣何塞,182 ms,7.57
5.10.244.251,443,true,SJC,北美洲,US,美国,圣何塞,164 ms,7.55
5.10.246.231,443,true,SJC,北美洲,US,美国,圣何塞,132 ms,7.55
5.10.244.74,443,true,SJC,北美洲,US,美国,圣何塞,145 ms,7.54
66.179.48.127,443,true,SJC,北美洲,US,美国,圣何塞,132 ms,7.51
5.10.246.181,443,true,SJC,北美洲,US,美国,圣何塞,157 ms,7.50
5.10.246.29,443,true,SJC,北美洲,US,美国,圣何塞,155 ms,7.47
5.10.245.3,443,true,SJC,北美洲,US,美国,圣何塞,176 ms,7.46
5.10.244.224,443,true,SJC,北美洲,US,美国,圣何塞,157 ms,7.46
66.179.48.210,443,true,SJC,北美洲,US,美国,圣何塞,173 ms,7.43
38.22.233.234,443,true,LAX,北美洲,US,美国,洛杉矶,167 ms,7.42
66.179.48.96,443,true,SJC,北美洲,US,美国,圣何塞,167 ms,7.38
194.135.22.181,443,true,ZRH,欧洲,CH,瑞士,苏黎世,168 ms,7.33
108.162.194.62,443,true,SJC,北美洲,US,美国,圣何塞,153 ms,7.24
66.179.48.202,443,true,SJC,北美洲,US,美国,圣何塞,136 ms,7.21
45.202.113.248,443,true,SJC,北美洲,US,美国,圣何塞,133 ms,7.20
217.195.200.202,443,true,FRA,欧洲,DE,德国,法兰克福,156 ms,7.14
64.176.42.6,443,true,KIX,亚太,JP,日本,大阪,179 ms,7.14
5.10.245.110,443,true,SJC,北美洲,US,美国,圣何塞,144 ms,7.07
5.10.247.19,443,true,SJC,北美洲,US,美国,圣何塞,138 ms,7.03
185.103.253.35,443,true,FRA,欧洲,DE,德国,法兰克福,202 ms,6.99
5.10.245.238,443,true,SJC,北美洲,US,美国,圣何塞,146 ms,6.97
3.67.25.193,443,true,FRA,欧洲,DE,德国,法兰克福,204 ms,6.96
45.202.113.160,443,true,SJC,北美洲,US,美国,圣何塞,150 ms,6.93
5.10.244.41,443,true,SJC,北美洲,US,美国,圣何塞,153 ms,6.91
5.10.246.48,443,true,SJC,北美洲,US,美国,圣何塞,137 ms,6.89
5.10.244.180,443,true,SJC,北美洲,US,美国,圣何塞,153 ms,6.82
5.10.244.200,443,true,SJC,北美洲,US,美国,圣何塞,148 ms,6.80
107.174.186.62,443,true,SJC,北美洲,US,美国,圣何塞,149 ms,6.74
108.162.194.144,443,true,SJC,北美洲,US,美国,圣何塞,156 ms,6.73
108.162.194.63,443,true,SJC,北美洲,US,美国,圣何塞,162 ms,6.72
104.168.102.163,443,true,SJC,北美洲,US,美国,圣何塞,158 ms,6.71
108.162.194.202,443,true,SJC,北美洲,US,美国,圣何塞,140 ms,6.70
5.75.208.113,443,true,CDG,欧洲,FR,法国,巴黎,196 ms,6.70
3.68.62.122,443,true,FRA,欧洲,DE,德国,法兰克福,212 ms,6.67
5.10.245.7,443,true,SJC,北美洲,US,美国,圣何塞,164 ms,6.64
45.202.113.225,443,true,SJC,北美洲,US,美国,圣何塞,150 ms,6.63
5.10.246.219,443,true,SJC,北美洲,US,美国,圣何塞,165 ms,6.62
45.202.113.123,443,true,SJC,北美洲,US,美国,圣何塞,163 ms,6.60
5.10.246.103,443,true,SJC,北美洲,US,美国,圣何塞,131 ms,6.59
5.10.244.218,443,true,SJC,北美洲,US,美国,圣何塞,150 ms,6.55
5.75.201.83,443,true,CDG,欧洲,FR,法国,巴黎,166 ms,6.54
5.10.246.69,443,true,SJC,北美洲,US,美国,圣何塞,135 ms,6.53
66.179.48.118,443,true,SJC,北美洲,US,美国,圣何塞,136 ms,6.53
5.10.245.252,443,true,SJC,北美洲,US,美国,圣何塞,144 ms,6.52
66.179.48.52,443,true,SJC,北美洲,US,美国,圣何塞,150 ms,6.51
5.10.247.86,443,true,SJC,北美洲,US,美国,圣何塞,155 ms,6.51
5.10.247.15,443,true,SJC,北美洲,US,美国,圣何塞,158 ms,6.50
5.10.246.237,443,true,SJC,北美洲,US,美国,圣何塞,153 ms,6.45
5.10.246.52,443,true,SJC,北美洲,US,美国,圣何塞,141 ms,6.42
5.10.244.136,443,true,SJC,北美洲,US,美国,圣何塞,149 ms,6.41
66.179.48.73,443,true,SJC,北美洲,US,美国,圣何塞,160 ms,6.41
5.10.246.117,443,true,SJC,北美洲,US,美国,圣何塞,135 ms,6.40
5.10.245.117,443,true,SJC,北美洲,US,美国,圣何塞,165 ms,6.39
193.160.96.234,443,true,AMS,欧洲,NL,荷兰,阿姆斯特丹,180 ms,6.37
45.202.113.3,443,true,SJC,北美洲,US,美国,圣何塞,143 ms,6.37
66.179.48.152,443,true,SJC,北美洲,US,美国,圣何塞,135 ms,6.35
213.171.10.123,443,true,CPH,欧洲,DK,丹麦,哥本哈根,198 ms,6.34
108.162.194.65,443,true,SJC,北美洲,US,美国,圣何塞,134 ms,6.31
66.179.48.112,443,true,SJC,北美洲,US,美国,圣何塞,132 ms,6.30
5.10.244.182,443,true,SJC,北美洲,US,美国,圣何塞,151 ms,6.29
66.179.48.229,443,true,SJC,北美洲,US,美国,圣何塞,134 ms,6.26
66.179.48.7,443,true,SJC,北美洲,US,美国,圣何塞,150 ms,6.25
5.10.247.144,443,true,SJC,北美洲,US,美国,圣何塞,154 ms,6.20
45.202.113.52,443,true,SJC,北美洲,US,美国,圣何塞,156 ms,6.13
193.233.233.153,443,true,FRA,欧洲,DE,德国,法兰克福,213 ms,6.11
5.10.244.85,443,true,SJC,北美洲,US,美国,圣何塞,148 ms,6.07
210.79.155.242,443,true,TPE,亚太,TW,台湾,台北,211 ms,6.06
38.22.233.228,443,true,LAX,北美洲,US,美国,洛杉矶,193 ms,6.06
45.91.200.127,443,true,AMS,欧洲,NL,荷兰,阿姆斯特丹,172 ms,5.98
5.10.245.64,443,true,SJC,北美洲,US,美国,圣何塞,153 ms,5.98
108.162.194.53,443,true,SJC,北美洲,US,美国,圣何塞,160 ms,5.95
195.245.239.197,443,true,FRA,欧洲,DE,德国,法兰克福,218 ms,5.95
185.247.118.7,443,true,FRA,欧洲,DE,德国,法兰克福,220 ms,5.90
5.10.245.9,443,true,SJC,北美洲,US,美国,圣何塞,140 ms,5.86
5.10.246.177,443,true,SJC,北美洲,US,美国,圣何塞,156 ms,5.81
5.10.244.134,443,true,SJC,北美洲,US,美国,圣何塞,154 ms,5.79
193.233.233.52,443,true,FRA,欧洲,DE,德国,法兰克福,214 ms,5.78
38.22.233.225,443,true,LAX,北美洲,US,美国,洛杉矶,166 ms,5.78
108.162.194.139,443,true,SJC,北美洲,US,美国,圣何塞,140 ms,5.78
5.10.247.146,443,true,SJC,北美洲,US,美国,圣何塞,134 ms,5.77
108.162.194.10,443,true,SJC,北美洲,US,美国,圣何塞,155 ms,5.76
38.22.233.64,443,true,LAX,北美洲,US,美国,洛杉矶,160 ms,5.76
164.52.2.99,443,true,SIN,亚太,SG,新加坡,新加坡,84 ms,5.75
5.10.244.176,443,true,SJC,北美洲,US,美国,圣何塞,174 ms,5.74
45.202.113.119,443,true,SJC,北美洲,US,美国,圣何塞,215 ms,5.70
5.10.244.183,443,true,SJC,北美洲,US,美国,圣何塞,158 ms,5.69
5.10.245.47,443,true,SJC,北美洲,US,美国,圣何塞,148 ms,5.67
5.10.245.53,443,true,SJC,北美洲,US,美国,圣何塞,155 ms,5.66
5.10.246.11,443,true,SJC,北美洲,US,美国,圣何塞,158 ms,5.66
5.10.246.151,443,true,SJC,北美洲,US,美国,圣何塞,132 ms,5.66
5.10.246.191,443,true,SJC,北美洲,US,美国,圣何塞,139 ms,5.65
108.162.194.148,443,true,SJC,北美洲,US,美国,圣何塞,136 ms,5.59
5.10.247.3,443,true,SJC,北美洲,US,美国,圣何塞,150 ms,5.58
185.153.182.88,443,true,AMS,欧洲,NL,荷兰,阿姆斯特丹,220 ms,5.56
2.56.90.35,443,true,AMS,欧洲,NL,荷兰,阿姆斯特丹,198 ms,5.53
153.121.71.10,443,true,NRT,亚太,JP,日本,东京,53 ms,5.53
45.202.113.30,443,true,SJC,北美洲,US,美国,圣何塞,133 ms,5.52
74.48.140.177,443,true,LAX,北美洲,US,美国,洛杉矶,169 ms,5.50
188.225.34.155,443,true,HAM,欧洲,DE,德国,汉堡,200 ms,5.47
5.10.246.42,443,true,SJC,北美洲,US,美国,圣何塞,152 ms,5.44
45.202.113.51,443,true,SJC,北美洲,US,美国,圣何塞,150 ms,5.43
66.179.48.211,443,true,SJC,北美洲,US,美国,圣何塞,207 ms,5.42
5.10.245.55,443,true,SJC,北美洲,US,美国,圣何塞,155 ms,5.39
193.233.233.202,443,true,FRA,欧洲,DE,德国,法兰克福,215 ms,5.38
5.10.247.73,443,true,SJC,北美洲,US,美国,圣何塞,134 ms,5.34
5.10.244.242,443,true,SJC,北美洲,US,美国,圣何塞,137 ms,5.31
45.202.113.226,443,true,SJC,北美洲,US,美国,圣何塞,191 ms,5.30
66.179.48.176,443,true,SJC,北美洲,US,美国,圣何塞,157 ms,5.26
5.10.244.231,443,true,SJC,北美洲,US,美国,圣何塞,137 ms,5.26
108.162.194.168,443,true,SJC,北美洲,US,美国,圣何塞,151 ms,5.26
5.10.246.227,443,true,SJC,北美洲,US,美国,圣何塞,137 ms,5.25
108.162.194.45,443,true,SJC,北美洲,US,美国,圣何塞,153 ms,5.25
5.10.247.199,443,true,SJC,北美洲,US,美国,圣何塞,133 ms,5.24
89.169.8.145,443,true,AMS,欧洲,NL,荷兰,阿姆斯特丹,220 ms,5.21
5.10.245.34,443,true,SJC,北美洲,US,美国,圣何塞,133 ms,5.20
5.10.246.180,443,true,SJC,北美洲,US,美国,圣何塞,132 ms,5.18
51.15.210.1,443,true,CDG,欧洲,FR,法国,巴黎,179 ms,5.17
5.10.246.116,443,true,SJC,北美洲,US,美国,圣何塞,155 ms,5.15
5.10.245.29,443,true,SJC,北美洲,US,美国,圣何塞,151 ms,5.12
108.162.194.181,443,true,SJC,北美洲,US,美国,圣何塞,157 ms,5.11
5.10.247.5,443,true,SJC,北美洲,US,美国,圣何塞,139 ms,5.10
45.202.113.17,443,true,SJC,北美洲,US,美国,圣何塞,137 ms,5.08
5.10.245.177,443,true,SJC,北美洲,US,美国,圣何塞,152 ms,5.07
38.150.34.2,443,true,LAX,北美洲,US,美国,洛杉矶,164 ms,5.03
38.22.233.252,443,true,LAX,北美洲,US,美国,洛杉矶,162 ms,5.01
5.10.246.63,443,true,SJC,北美洲,US,美国,圣何塞,153 ms,5.00
